1,1,1,1,2,57,19,6,46,36,0.695121951219512,0.231707317073171,0.0731707317073171,0.560975609756098
2,1,1,2,3,59,10,13,24,58,0.719512195121951,0.121951219512195,0.158536585365854,0.292682926829268
3,1,1,3,3,37,28,17,20,62,0.451219512195122,0.341463414634146,0.207317073170732,0.24390243902439
4,1,1,4,3,41,11,30,29,53,0.5,0.134146341463415,0.365853658536585,0.353658536585366
5,1,1,5,3,42,6,34,25,57,0.51219512195122,0.0731707317073171,0.414634146341463,0.304878048780488
6,1,1,6,3,69,8,4,28,53,0.851851851851852,0.0987654320987654,0.0493827160493827,0.345679012345679
7,1,1,7,3,55,12,15,22,60,0.670731707317073,0.146341463414634,0.182926829268293,0.268292682926829
8,1,1,8,3,33,37,12,37,45,0.402439024390244,0.451219512195122,0.146341463414634,0.451219512195122
9,1,1,9,1,65,9,8,46,36,0.792682926829268,0.109756097560976,0.0975609756097561,0.560975609756098
10,1,1,10,3,59,13,10,26,56,0.719512195121951,0.158536585365854,0.121951219512195,0.317073170731707
11,1,1,11,2,44,17,21,44,38,0.536585365853659,0.207317073170732,0.25609756097561,0.536585365853659
12,1,1,12,1,73,4,5,49,33,0.890243902439024,0.0487804878048781,0.0609756097560976,0.597560975609756
13,1,1,13,3,59,15,8,18,64,0.719512195121951,0.182926829268293,0.0975609756097561,0.219512195121951
14,1,1,14,1,67,4,11,39,43,0.817073170731707,0.0487804878048781,0.134146341463415,0.475609756097561
15,1,1,15,3,58,13,11,38,44,0.707317073170732,0.158536585365854,0.134146341463415,0.463414634146342
16,1,1,16,1,74,4,4,46,36,0.902439024390244,0.0487804878048781,0.0487804878048781,0.560975609756098
17,1,2,1,3,9,48,25,42,40,0.109756097560976,0.585365853658537,0.304878048780488,0.51219512195122
18,1,2,2,3,6,52,24,39,43,0.0731707317073171,0.634146341463415,0.292682926829268,0.475609756097561
19,1,2,3,1,54,21,7,37,45,0.658536585365854,0.25609756097561,0.0853658536585366,0.451219512195122
20,1,2,4,3,12,45,25,28,54,0.146341463414634,0.548780487804878,0.304878048780488,0.341463414634146
21,1,2,5,3,9,37,36,25,57,0.109756097560976,0.451219512195122,0.439024390243902,0.304878048780488
22,1,2,6,2,10,47,25,44,38,0.121951219512195,0.573170731707317,0.304878048780488,0.536585365853659
23,1,2,7,3,76,4,2,50,32,0.926829268292683,0.0487804878048781,0.024390243902439,0.609756097560976
24,1,2,8,3,11,46,25,15,67,0.134146341463415,0.560975609756098,0.304878048780488,0.182926829268293
25,1,2,9,3,7,49,26,34,48,0.0853658536585366,0.597560975609756,0.317073170731707,0.414634146341463
26,1,2,10,1,16,35,31,43,39,0.195121951219512,0.426829268292683,0.378048780487805,0.524390243902439
27,1,2,11,2,70,9,3,37,45,0.853658536585366,0.109756097560976,0.0365853658536585,0.451219512195122
28,1,2,12,1,75,3,4,35,47,0.914634146341463,0.0365853658536585,0.0487804878048781,0.426829268292683
29,1,2,13,3,17,45,20,26,56,0.207317073170732,0.548780487804878,0.24390243902439,0.317073170731707
30,1,2,14,3,54,12,16,20,62,0.658536585365854,0.146341463414634,0.195121951219512,0.24390243902439
31,1,2,15,1,64,9,9,44,38,0.780487804878049,0.109756097560976,0.109756097560976,0.536585365853659
32,1,2,16,3,38,15,29,24,58,0.463414634146342,0.182926829268293,0.353658536585366,0.292682926829268
33,1,3,1,2,67,11,4,49,33,0.817073170731707,0.134146341463415,0.0487804878048781,0.597560975609756
34,1,3,2,1,75,6,1,42,40,0.914634146341463,0.0731707317073171,0.0121951219512195,0.51219512195122
35,1,3,3,1,69,9,4,61,21,0.841463414634146,0.109756097560976,0.0487804878048781,0.74390243902439
36,1,3,4,3,66,11,5,42,40,0.804878048780488,0.134146341463415,0.0609756097560976,0.51219512195122
37,1,3,5,3,70,5,7,45,37,0.853658536585366,0.0609756097560976,0.0853658536585366,0.548780487804878
38,1,3,6,3,68,9,5,38,44,0.829268292682927,0.109756097560976,0.0609756097560976,0.463414634146342
39,1,3,7,2,64,12,6,40,42,0.780487804878049,0.146341463414634,0.0731707317073171,0.487804878048781
40,1,3,8,3,79,3,0,51,31,0.963414634146341,0.0365853658536585,0,0.621951219512195
41,1,3,9,3,74,7,1,51,31,0.902439024390244,0.0853658536585366,0.0121951219512195,0.621951219512195
42,1,3,10,3,66,11,5,33,49,0.804878048780488,0.134146341463415,0.0609756097560976,0.402439024390244
43,1,3,11,3,67,8,7,35,47,0.817073170731707,0.0975609756097561,0.0853658536585366,0.426829268292683
44,1,3,12,1,72,8,2,41,41,0.878048780487805,0.0975609756097561,0.024390243902439,0.5
45,1,3,13,1,73,3,6,51,31,0.890243902439024,0.0365853658536585,0.0731707317073171,0.621951219512195
46,1,3,14,3,70,7,5,32,50,0.853658536585366,0.0853658536585366,0.0609756097560976,0.390243902439024
47,1,3,15,3,73,7,2,39,43,0.890243902439024,0.0853658536585366,0.024390243902439,0.475609756097561
48,1,3,16,3,62,15,5,26,56,0.75609756097561,0.182926829268293,0.0609756097560976,0.317073170731707
49,1,4,1,3,48,30,4,33,49,0.585365853658537,0.365853658536585,0.0487804878048781,0.402439024390244
50,1,4,2,1,44,18,20,42,40,0.536585365853659,0.219512195121951,0.24390243902439,0.51219512195122
51,1,4,3,2,58,18,6,52,30,0.707317073170732,0.219512195121951,0.0731707317073171,0.634146341463415
52,1,4,4,3,57,15,10,36,46,0.695121951219512,0.182926829268293,0.121951219512195,0.439024390243902
53,1,4,5,3,50,27,5,37,45,0.609756097560976,0.329268292682927,0.0609756097560976,0.451219512195122
54,1,4,6,3,40,33,9,24,58,0.487804878048781,0.402439024390244,0.109756097560976,0.292682926829268
55,1,4,7,1,36,5,41,45,37,0.439024390243902,0.0609756097560976,0.5,0.548780487804878
56,1,4,8,3,39,30,13,37,45,0.475609756097561,0.365853658536585,0.158536585365854,0.451219512195122
57,1,4,9,2,34,35,13,29,53,0.414634146341463,0.426829268292683,0.158536585365854,0.353658536585366
58,1,4,10,1,52,24,6,32,50,0.634146341463415,0.292682926829268,0.0731707317073171,0.390243902439024
59,1,4,11,3,34,35,13,31,51,0.414634146341463,0.426829268292683,0.158536585365854,0.378048780487805
60,1,4,12,1,39,34,9,56,26,0.475609756097561,0.414634146341463,0.109756097560976,0.682926829268293
61,1,4,13,3,31,35,16,23,59,0.378048780487805,0.426829268292683,0.195121951219512,0.280487804878049
62,1,4,14,3,32,40,10,25,57,0.390243902439024,0.487804878048781,0.121951219512195,0.304878048780488
63,1,4,15,3,53,19,10,30,52,0.646341463414634,0.231707317073171,0.121951219512195,0.365853658536585
64,1,4,16,3,14,49,19,23,59,0.170731707317073,0.597560975609756,0.231707317073171,0.280487804878049
65,1,5,1,3,66,5,11,35,47,0.804878048780488,0.0609756097560976,0.134146341463415,0.426829268292683
66,1,5,2,3,68,10,4,58,24,0.829268292682927,0.121951219512195,0.0487804878048781,0.707317073170732
67,1,5,3,2,61,8,13,45,37,0.74390243902439,0.0975609756097561,0.158536585365854,0.548780487804878
68,1,5,4,3,71,8,3,59,23,0.865853658536585,0.0975609756097561,0.0365853658536585,0.719512195121951
69,1,5,5,3,54,20,8,31,51,0.658536585365854,0.24390243902439,0.0975609756097561,0.378048780487805
70,1,5,6,1,73,4,5,60,22,0.890243902439024,0.0487804878048781,0.0609756097560976,0.731707317073171
71,1,5,7,1,69,7,6,56,26,0.841463414634146,0.0853658536585366,0.0731707317073171,0.682926829268293
72,1,5,8,3,72,5,5,60,22,0.878048780487805,0.0609756097560976,0.0609756097560976,0.731707317073171
73,1,5,9,2,40,5,37,33,49,0.487804878048781,0.0609756097560976,0.451219512195122,0.402439024390244
74,1,5,10,3,67,6,9,43,39,0.817073170731707,0.0731707317073171,0.109756097560976,0.524390243902439
75,1,5,11,3,70,3,9,52,30,0.853658536585366,0.0365853658536585,0.109756097560976,0.634146341463415
76,1,5,12,1,69,9,4,50,32,0.841463414634146,0.109756097560976,0.0487804878048781,0.609756097560976
77,1,5,13,3,57,10,15,32,50,0.695121951219512,0.121951219512195,0.182926829268293,0.390243902439024
78,1,5,14,3,73,7,2,43,39,0.890243902439024,0.0853658536585366,0.024390243902439,0.524390243902439
79,1,5,15,3,73,7,2,51,31,0.890243902439024,0.0853658536585366,0.024390243902439,0.621951219512195
80,1,5,16,1,67,8,7,39,43,0.817073170731707,0.0975609756097561,0.0853658536585366,0.475609756097561
81,1,6,1,1,45,20,17,46,36,0.548780487804878,0.24390243902439,0.207317073170732,0.560975609756098
82,1,6,2,1,55,12,15,55,27,0.670731707317073,0.146341463414634,0.182926829268293,0.670731707317073
83,1,6,3,3,30,32,20,43,39,0.365853658536585,0.390243902439024,0.24390243902439,0.524390243902439
84,1,6,4,3,48,16,18,41,41,0.585365853658537,0.195121951219512,0.219512195121951,0.5
85,1,6,5,2,63,5,14,68,14,0.768292682926829,0.0609756097560976,0.170731707317073,0.829268292682927
86,1,6,6,2,63,10,9,72,10,0.768292682926829,0.121951219512195,0.109756097560976,0.878048780487805
87,1,6,7,3,48,25,9,28,54,0.585365853658537,0.304878048780488,0.109756097560976,0.341463414634146
88,1,6,8,1,61,8,13,64,18,0.74390243902439,0.0975609756097561,0.158536585365854,0.780487804878049
89,1,6,9,3,50,21,11,40,42,0.609756097560976,0.25609756097561,0.134146341463415,0.487804878048781
90,1,6,10,3,41,25,16,23,59,0.5,0.304878048780488,0.195121951219512,0.280487804878049
91,1,6,11,3,45,20,17,38,44,0.548780487804878,0.24390243902439,0.207317073170732,0.463414634146342
92,1,6,12,3,48,19,15,41,41,0.585365853658537,0.231707317073171,0.182926829268293,0.5
93,1,6,13,3,32,32,18,35,47,0.390243902439024,0.390243902439024,0.219512195121951,0.426829268292683
94,1,6,14,3,44,17,20,29,52,0.54320987654321,0.209876543209877,0.246913580246914,0.358024691358025
95,1,6,15,3,43,16,23,17,65,0.524390243902439,0.195121951219512,0.280487804878049,0.207317073170732
96,1,6,16,1,50,16,16,55,27,0.609756097560976,0.195121951219512,0.195121951219512,0.670731707317073
97,1,7,1,3,47,8,27,23,59,0.573170731707317,0.0975609756097561,0.329268292682927,0.280487804878049
98,1,7,2,3,49,20,13,29,53,0.597560975609756,0.24390243902439,0.158536585365854,0.353658536585366
99,1,7,3,2,62,7,13,51,31,0.75609756097561,0.0853658536585366,0.158536585365854,0.621951219512195
100,1,7,4,3,51,8,23,32,50,0.621951219512195,0.0975609756097561,0.280487804878049,0.390243902439024
101,1,7,5,1,51,16,15,32,50,0.621951219512195,0.195121951219512,0.182926829268293,0.390243902439024
102,1,7,6,1,55,10,17,54,28,0.670731707317073,0.121951219512195,0.207317073170732,0.658536585365854
103,1,7,7,1,53,11,18,48,34,0.646341463414634,0.134146341463415,0.219512195121951,0.585365853658537
104,1,7,8,3,33,13,36,18,64,0.402439024390244,0.158536585365854,0.439024390243902,0.219512195121951
105,1,7,9,2,51,10,21,50,32,0.621951219512195,0.121951219512195,0.25609756097561,0.609756097560976
106,1,7,10,1,55,13,14,70,12,0.670731707317073,0.158536585365854,0.170731707317073,0.853658536585366
107,1,7,11,3,38,22,22,26,56,0.463414634146342,0.268292682926829,0.268292682926829,0.317073170731707
108,1,7,12,3,45,18,19,23,59,0.548780487804878,0.219512195121951,0.231707317073171,0.280487804878049
109,1,7,13,3,40,9,33,21,61,0.487804878048781,0.109756097560976,0.402439024390244,0.25609756097561
110,1,7,14,3,24,19,39,23,59,0.292682926829268,0.231707317073171,0.475609756097561,0.280487804878049
111,1,7,15,3,39,14,29,16,66,0.475609756097561,0.170731707317073,0.353658536585366,0.195121951219512
112,1,7,16,3,31,16,35,18,64,0.378048780487805,0.195121951219512,0.426829268292683,0.219512195121951
113,1,8,1,3,37,30,15,28,54,0.451219512195122,0.365853658536585,0.182926829268293,0.341463414634146
114,1,8,2,3,68,9,5,38,44,0.829268292682927,0.109756097560976,0.0609756097560976,0.463414634146342
115,1,8,3,3,43,7,32,22,60,0.524390243902439,0.0853658536585366,0.390243902439024,0.268292682926829
116,1,8,4,1,64,10,8,62,20,0.780487804878049,0.121951219512195,0.0975609756097561,0.75609756097561
117,1,8,5,3,52,18,12,26,56,0.634146341463415,0.219512195121951,0.146341463414634,0.317073170731707
118,1,8,6,2,61,4,17,37,45,0.74390243902439,0.0487804878048781,0.207317073170732,0.451219512195122
119,1,8,7,2,72,4,6,35,47,0.878048780487805,0.0487804878048781,0.0731707317073171,0.426829268292683
120,1,8,8,3,72,6,4,34,48,0.878048780487805,0.0731707317073171,0.0487804878048781,0.414634146341463
121,1,8,9,1,51,23,8,56,26,0.621951219512195,0.280487804878049,0.0975609756097561,0.682926829268293
122,1,8,10,3,72,6,4,28,54,0.878048780487805,0.0731707317073171,0.0487804878048781,0.341463414634146
123,1,8,11,3,65,8,9,26,56,0.792682926829268,0.0975609756097561,0.109756097560976,0.317073170731707
124,1,8,12,3,69,6,7,33,49,0.841463414634146,0.0731707317073171,0.0853658536585366,0.402439024390244
125,1,8,13,1,67,12,3,61,21,0.817073170731707,0.146341463414634,0.0365853658536585,0.74390243902439
126,1,8,14,1,60,9,13,45,37,0.731707317073171,0.109756097560976,0.158536585365854,0.548780487804878
127,1,8,15,3,68,8,6,33,49,0.829268292682927,0.0975609756097561,0.0731707317073171,0.402439024390244
128,1,8,16,3,56,23,3,24,58,0.682926829268293,0.280487804878049,0.0365853658536585,0.292682926829268
129,1,9,1,2,76,1,5,53,29,0.926829268292683,0.0121951219512195,0.0609756097560976,0.646341463414634
130,1,9,2,1,77,2,3,51,31,0.939024390243902,0.024390243902439,0.0365853658536585,0.621951219512195
131,1,9,3,2,72,4,6,51,31,0.878048780487805,0.0487804878048781,0.0731707317073171,0.621951219512195
132,1,9,4,3,78,3,1,50,32,0.951219512195122,0.0365853658536585,0.0121951219512195,0.609756097560976
133,1,9,5,3,74,5,3,40,42,0.902439024390244,0.0609756097560976,0.0365853658536585,0.487804878048781
134,1,9,6,3,70,5,7,31,51,0.853658536585366,0.0609756097560976,0.0853658536585366,0.378048780487805
135,1,9,7,1,78,3,1,49,33,0.951219512195122,0.0365853658536585,0.0121951219512195,0.597560975609756
136,1,9,8,3,71,5,6,39,43,0.865853658536585,0.0609756097560976,0.0731707317073171,0.475609756097561
137,1,9,9,3,78,0,4,35,47,0.951219512195122,0,0.0487804878048781,0.426829268292683
138,1,9,10,1,77,2,2,47,34,0.950617283950617,0.0246913580246914,0.0246913580246914,0.580246913580247
139,1,9,11,1,74,3,5,52,30,0.902439024390244,0.0365853658536585,0.0609756097560976,0.634146341463415
140,1,9,12,3,59,7,16,25,57,0.719512195121951,0.0853658536585366,0.195121951219512,0.304878048780488
141,1,9,13,3,68,2,12,26,56,0.829268292682927,0.024390243902439,0.146341463414634,0.317073170731707
142,1,9,14,3,71,3,8,56,26,0.865853658536585,0.0365853658536585,0.0975609756097561,0.682926829268293
143,1,9,15,3,69,4,9,33,49,0.841463414634146,0.0487804878048781,0.109756097560976,0.402439024390244
144,1,9,16,3,68,4,10,29,53,0.829268292682927,0.0487804878048781,0.121951219512195,0.353658536585366
145,1,10,1,3,61,10,11,25,57,0.74390243902439,0.121951219512195,0.134146341463415,0.304878048780488
146,1,10,2,2,68,5,9,53,29,0.829268292682927,0.0609756097560976,0.109756097560976,0.646341463414634
147,1,10,3,1,20,50,12,43,39,0.24390243902439,0.609756097560976,0.146341463414634,0.524390243902439
148,1,10,4,3,56,7,19,23,59,0.682926829268293,0.0853658536585366,0.231707317073171,0.280487804878049
149,1,10,5,1,46,19,17,36,46,0.560975609756098,0.231707317073171,0.207317073170732,0.439024390243902
150,1,10,6,3,14,59,9,27,55,0.170731707317073,0.719512195121951,0.109756097560976,0.329268292682927
151,1,10,7,1,5,65,12,42,40,0.0609756097560976,0.792682926829268,0.146341463414634,0.51219512195122
152,1,10,8,2,25,11,46,54,28,0.304878048780488,0.134146341463415,0.560975609756098,0.658536585365854
153,1,10,9,3,57,8,17,21,61,0.695121951219512,0.0975609756097561,0.207317073170732,0.25609756097561
154,1,10,10,3,59,13,10,38,44,0.719512195121951,0.158536585365854,0.121951219512195,0.463414634146342
155,1,10,11,1,23,28,31,44,38,0.280487804878049,0.341463414634146,0.378048780487805,0.536585365853659
156,1,10,12,3,62,7,13,30,52,0.75609756097561,0.0853658536585366,0.158536585365854,0.365853658536585
157,1,10,13,3,39,11,32,35,47,0.475609756097561,0.134146341463415,0.390243902439024,0.426829268292683
158,1,10,14,3,42,11,29,24,58,0.51219512195122,0.134146341463415,0.353658536585366,0.292682926829268
159,1,10,15,3,33,5,44,19,63,0.402439024390244,0.0609756097560976,0.536585365853659,0.231707317073171
160,1,10,16,3,52,8,22,43,39,0.634146341463415,0.0975609756097561,0.268292682926829,0.524390243902439
161,2,11,1,3,64,11,7,22,60,0.780487804878049,0.134146341463415,0.0853658536585366,0.268292682926829
162,2,11,2,1,21,50,11,36,46,0.25609756097561,0.609756097560976,0.134146341463415,0.439024390243902
163,2,11,3,3,25,44,13,15,67,0.304878048780488,0.536585365853659,0.158536585365854,0.182926829268293
164,2,11,4,3,26,46,10,27,55,0.317073170731707,0.560975609756098,0.121951219512195,0.329268292682927
165,2,11,5,3,67,11,4,35,47,0.817073170731707,0.134146341463415,0.0487804878048781,0.426829268292683
166,2,11,6,2,36,38,8,28,54,0.439024390243902,0.463414634146342,0.0975609756097561,0.341463414634146
167,2,11,7,3,74,3,5,34,48,0.902439024390244,0.0365853658536585,0.0609756097560976,0.414634146341463
168,2,11,8,1,32,32,18,31,51,0.390243902439024,0.390243902439024,0.219512195121951,0.378048780487805
169,2,11,9,1,48,28,6,46,36,0.585365853658537,0.341463414634146,0.0731707317073171,0.560975609756098
170,2,11,10,3,69,11,2,38,44,0.841463414634146,0.134146341463415,0.024390243902439,0.463414634146342
171,2,11,11,3,41,11,30,20,62,0.5,0.134146341463415,0.365853658536585,0.24390243902439
172,2,11,12,2,58,15,9,45,37,0.707317073170732,0.182926829268293,0.109756097560976,0.548780487804878
173,2,11,13,3,36,36,10,30,52,0.439024390243902,0.439024390243902,0.121951219512195,0.365853658536585
174,2,11,14,1,59,21,2,37,45,0.719512195121951,0.25609756097561,0.024390243902439,0.451219512195122
175,2,11,15,3,5,53,24,26,56,0.0609756097560976,0.646341463414634,0.292682926829268,0.317073170731707
176,2,11,16,3,51,24,7,26,56,0.621951219512195,0.292682926829268,0.0853658536585366,0.317073170731707
177,2,12,1,2,20,41,21,54,28,0.24390243902439,0.5,0.25609756097561,0.658536585365854
178,2,12,2,3,28,36,18,33,49,0.341463414634146,0.439024390243902,0.219512195121951,0.402439024390244
179,2,12,3,3,16,39,27,25,57,0.195121951219512,0.475609756097561,0.329268292682927,0.304878048780488
180,2,12,4,3,37,28,17,29,53,0.451219512195122,0.341463414634146,0.207317073170732,0.353658536585366
181,2,12,5,3,26,36,20,53,29,0.317073170731707,0.439024390243902,0.24390243902439,0.646341463414634
182,2,12,6,3,5,69,8,37,45,0.0609756097560976,0.841463414634146,0.0975609756097561,0.451219512195122
183,2,12,7,3,27,35,20,35,47,0.329268292682927,0.426829268292683,0.24390243902439,0.426829268292683
184,2,12,8,1,29,33,20,54,28,0.353658536585366,0.402439024390244,0.24390243902439,0.658536585365854
185,2,12,9,3,38,32,12,41,41,0.463414634146342,0.390243902439024,0.146341463414634,0.5
186,2,12,10,3,20,38,24,34,48,0.24390243902439,0.463414634146342,0.292682926829268,0.414634146341463
187,2,12,11,1,16,53,13,55,27,0.195121951219512,0.646341463414634,0.158536585365854,0.670731707317073
188,2,12,12,1,25,44,13,49,33,0.304878048780488,0.536585365853659,0.158536585365854,0.597560975609756
189,2,12,13,2,26,38,18,39,43,0.317073170731707,0.463414634146342,0.219512195121951,0.475609756097561
190,2,12,14,1,19,47,16,40,42,0.231707317073171,0.573170731707317,0.195121951219512,0.487804878048781
191,2,12,15,3,23,39,19,34,47,0.283950617283951,0.481481481481481,0.234567901234568,0.419753086419753
192,2,12,16,3,28,28,26,21,61,0.341463414634146,0.341463414634146,0.317073170731707,0.25609756097561
193,2,13,1,3,4,68,10,27,55,0.0487804878048781,0.829268292682927,0.121951219512195,0.329268292682927
194,2,13,2,3,23,56,3,38,44,0.280487804878049,0.682926829268293,0.0365853658536585,0.463414634146342
195,2,13,3,3,13,61,8,47,35,0.158536585365854,0.74390243902439,0.0975609756097561,0.573170731707317
196,2,13,4,3,7,61,14,38,44,0.0853658536585366,0.74390243902439,0.170731707317073,0.463414634146342
197,2,13,5,1,48,26,8,38,44,0.585365853658537,0.317073170731707,0.0975609756097561,0.463414634146342
198,2,13,6,3,2,70,10,42,40,0.024390243902439,0.853658536585366,0.121951219512195,0.51219512195122
199,2,13,7,3,4,68,10,37,45,0.0487804878048781,0.829268292682927,0.121951219512195,0.451219512195122
200,2,13,8,3,16,58,8,23,59,0.195121951219512,0.707317073170732,0.0975609756097561,0.280487804878049
201,2,13,9,1,7,67,8,54,28,0.0853658536585366,0.817073170731707,0.0975609756097561,0.658536585365854
202,2,13,10,2,21,55,6,51,31,0.25609756097561,0.670731707317073,0.0731707317073171,0.621951219512195
203,2,13,11,3,8,65,9,45,37,0.0975609756097561,0.792682926829268,0.109756097560976,0.548780487804878
204,2,13,12,3,7,64,11,33,49,0.0853658536585366,0.780487804878049,0.134146341463415,0.402439024390244
205,2,13,13,3,12,57,13,29,53,0.146341463414634,0.695121951219512,0.158536585365854,0.353658536585366
206,2,13,14,1,8,58,16,56,26,0.0975609756097561,0.707317073170732,0.195121951219512,0.682926829268293
207,2,13,15,2,3,62,17,52,30,0.0365853658536585,0.75609756097561,0.207317073170732,0.634146341463415
208,2,13,16,1,5,62,15,45,37,0.0609756097560976,0.75609756097561,0.182926829268293,0.548780487804878
209,2,14,1,3,16,45,21,35,47,0.195121951219512,0.548780487804878,0.25609756097561,0.426829268292683
210,2,14,2,2,6,50,26,39,43,0.0731707317073171,0.609756097560976,0.317073170731707,0.475609756097561
211,2,14,3,3,9,48,25,31,51,0.109756097560976,0.585365853658537,0.304878048780488,0.378048780487805
212,2,14,4,1,8,48,26,38,44,0.0975609756097561,0.585365853658537,0.317073170731707,0.463414634146342
213,2,14,5,2,17,47,18,40,42,0.207317073170732,0.573170731707317,0.219512195121951,0.487804878048781
214,2,14,6,3,15,41,26,25,57,0.182926829268293,0.5,0.317073170731707,0.304878048780488
215,2,14,7,3,19,49,14,24,58,0.231707317073171,0.597560975609756,0.170731707317073,0.292682926829268
216,2,14,8,3,20,47,15,31,51,0.24390243902439,0.573170731707317,0.182926829268293,0.378048780487805
217,2,14,9,3,14,52,16,38,44,0.170731707317073,0.634146341463415,0.195121951219512,0.463414634146342
218,2,14,10,3,4,59,19,25,57,0.0487804878048781,0.719512195121951,0.231707317073171,0.304878048780488
219,2,14,11,1,19,50,13,34,48,0.231707317073171,0.609756097560976,0.158536585365854,0.414634146341463
220,2,14,12,3,10,49,23,22,60,0.121951219512195,0.597560975609756,0.280487804878049,0.268292682926829
221,2,14,13,1,9,61,12,41,41,0.109756097560976,0.74390243902439,0.146341463414634,0.5
222,2,14,14,3,14,37,31,31,51,0.170731707317073,0.451219512195122,0.378048780487805,0.378048780487805
223,2,14,15,3,10,44,28,30,52,0.121951219512195,0.536585365853659,0.341463414634146,0.365853658536585
224,2,14,16,1,15,55,12,49,33,0.182926829268293,0.670731707317073,0.146341463414634,0.597560975609756
225,2,15,1,2,49,18,15,28,54,0.597560975609756,0.219512195121951,0.182926829268293,0.341463414634146
226,2,15,2,3,6,19,57,38,44,0.0731707317073171,0.231707317073171,0.695121951219512,0.463414634146342
227,2,15,3,1,7,29,46,48,34,0.0853658536585366,0.353658536585366,0.560975609756098,0.585365853658537
228,2,15,4,3,8,21,53,37,45,0.0975609756097561,0.25609756097561,0.646341463414634,0.451219512195122
229,2,15,5,1,8,44,30,62,20,0.0975609756097561,0.536585365853659,0.365853658536585,0.75609756097561
230,2,15,6,3,10,24,48,32,50,0.121951219512195,0.292682926829268,0.585365853658537,0.390243902439024
231,2,15,7,1,32,48,2,42,40,0.390243902439024,0.585365853658537,0.024390243902439,0.51219512195122
232,2,15,8,2,17,30,35,49,33,0.207317073170732,0.365853658536585,0.426829268292683,0.597560975609756
233,2,15,9,3,12,15,55,26,56,0.146341463414634,0.182926829268293,0.670731707317073,0.317073170731707
234,2,15,10,1,6,19,57,58,24,0.0731707317073171,0.231707317073171,0.695121951219512,0.707317073170732
235,2,15,11,3,22,26,34,30,52,0.268292682926829,0.317073170731707,0.414634146341463,0.365853658536585
236,2,15,12,3,10,50,22,39,43,0.121951219512195,0.609756097560976,0.268292682926829,0.475609756097561
237,2,15,13,3,5,44,33,23,59,0.0609756097560976,0.536585365853659,0.402439024390244,0.280487804878049
238,2,15,14,3,8,23,51,23,59,0.0975609756097561,0.280487804878049,0.621951219512195,0.280487804878049
239,2,15,15,3,9,55,18,19,63,0.109756097560976,0.670731707317073,0.219512195121951,0.231707317073171
240,2,15,16,3,15,49,18,33,49,0.182926829268293,0.597560975609756,0.219512195121951,0.402439024390244
241,2,16,1,3,6,71,5,25,57,0.0731707317073171,0.865853658536585,0.0609756097560976,0.304878048780488
242,2,16,2,1,9,67,6,50,32,0.109756097560976,0.817073170731707,0.0731707317073171,0.609756097560976
243,2,16,3,3,3,65,14,26,56,0.0365853658536585,0.792682926829268,0.170731707317073,0.317073170731707
244,2,16,4,3,12,63,7,15,67,0.146341463414634,0.768292682926829,0.0853658536585366,0.182926829268293
245,2,16,5,3,4,68,10,28,54,0.0487804878048781,0.829268292682927,0.121951219512195,0.341463414634146
246,2,16,6,3,10,59,13,31,51,0.121951219512195,0.719512195121951,0.158536585365854,0.378048780487805
247,2,16,7,1,6,65,11,52,30,0.0731707317073171,0.792682926829268,0.134146341463415,0.634146341463415
248,2,16,8,3,17,57,8,48,34,0.207317073170732,0.695121951219512,0.0975609756097561,0.585365853658537
249,2,16,9,1,37,31,14,44,38,0.451219512195122,0.378048780487805,0.170731707317073,0.536585365853659
250,2,16,10,3,24,48,10,24,58,0.292682926829268,0.585365853658537,0.121951219512195,0.292682926829268
251,2,16,11,1,12,67,3,49,33,0.146341463414634,0.817073170731707,0.0365853658536585,0.597560975609756
252,2,16,12,3,2,66,14,28,54,0.024390243902439,0.804878048780488,0.170731707317073,0.341463414634146
253,2,16,13,3,24,46,12,34,48,0.292682926829268,0.560975609756098,0.146341463414634,0.414634146341463
254,2,16,14,3,9,65,8,28,54,0.109756097560976,0.792682926829268,0.0975609756097561,0.341463414634146
255,2,16,15,2,3,70,9,51,31,0.0365853658536585,0.853658536585366,0.109756097560976,0.621951219512195
256,2,16,16,2,10,65,7,42,40,0.121951219512195,0.792682926829268,0.0853658536585366,0.51219512195122
257,2,17,1,3,33,35,14,30,52,0.402439024390244,0.426829268292683,0.170731707317073,0.365853658536585
258,2,17,2,3,3,48,31,24,58,0.0365853658536585,0.585365853658537,0.378048780487805,0.292682926829268
259,2,17,3,3,4,50,28,24,58,0.0487804878048781,0.609756097560976,0.341463414634146,0.292682926829268
260,2,17,4,3,21,50,11,20,62,0.25609756097561,0.609756097560976,0.134146341463415,0.24390243902439
261,2,17,5,1,2,46,34,38,44,0.024390243902439,0.560975609756098,0.414634146341463,0.463414634146342
262,2,17,6,3,3,67,12,19,63,0.0365853658536585,0.817073170731707,0.146341463414634,0.231707317073171
263,2,17,7,2,2,63,17,53,29,0.024390243902439,0.768292682926829,0.207317073170732,0.646341463414634
264,2,17,8,1,4,70,8,66,16,0.0487804878048781,0.853658536585366,0.0975609756097561,0.804878048780488
265,2,17,9,3,10,54,18,26,56,0.121951219512195,0.658536585365854,0.219512195121951,0.317073170731707
266,2,17,10,2,3,59,20,40,42,0.0365853658536585,0.719512195121951,0.24390243902439,0.487804878048781
267,2,17,11,3,15,57,10,32,50,0.182926829268293,0.695121951219512,0.121951219512195,0.390243902439024
268,2,17,12,1,5,63,14,50,32,0.0609756097560976,0.768292682926829,0.170731707317073,0.609756097560976
269,2,17,13,1,3,62,17,46,36,0.0365853658536585,0.75609756097561,0.207317073170732,0.560975609756098
270,2,17,14,3,7,58,17,28,54,0.0853658536585366,0.707317073170732,0.207317073170732,0.341463414634146
271,2,17,15,3,5,62,15,35,47,0.0609756097560976,0.75609756097561,0.182926829268293,0.426829268292683
272,2,17,16,3,5,59,18,28,54,0.0609756097560976,0.719512195121951,0.219512195121951,0.341463414634146
273,2,18,1,3,16,55,11,33,49,0.195121951219512,0.670731707317073,0.134146341463415,0.402439024390244
274,2,18,2,1,1,61,20,44,38,0.0121951219512195,0.74390243902439,0.24390243902439,0.536585365853659
275,2,18,3,3,50,24,8,30,52,0.609756097560976,0.292682926829268,0.0975609756097561,0.365853658536585
276,2,18,4,3,16,34,32,32,50,0.195121951219512,0.414634146341463,0.390243902439024,0.390243902439024
277,2,18,5,3,11,40,31,30,52,0.134146341463415,0.487804878048781,0.378048780487805,0.365853658536585
278,2,18,6,1,6,46,30,44,38,0.0731707317073171,0.560975609756098,0.365853658536585,0.536585365853659
279,2,18,7,1,2,33,47,44,38,0.024390243902439,0.402439024390244,0.573170731707317,0.536585365853659
280,2,18,8,3,6,48,28,39,43,0.0731707317073171,0.585365853658537,0.341463414634146,0.475609756097561
281,2,18,9,3,19,38,25,25,57,0.231707317073171,0.463414634146342,0.304878048780488,0.304878048780488
282,2,18,10,3,16,30,36,27,55,0.195121951219512,0.365853658536585,0.439024390243902,0.329268292682927
283,2,18,11,2,12,33,37,51,31,0.146341463414634,0.402439024390244,0.451219512195122,0.621951219512195
284,2,18,12,1,5,39,38,46,36,0.0609756097560976,0.475609756097561,0.463414634146342,0.560975609756098
285,2,18,13,2,23,40,19,32,50,0.280487804878049,0.487804878048781,0.231707317073171,0.390243902439024
286,2,18,14,3,11,19,52,22,60,0.134146341463415,0.231707317073171,0.634146341463415,0.268292682926829
287,2,18,15,3,26,34,22,30,52,0.317073170731707,0.414634146341463,0.268292682926829,0.365853658536585
288,2,18,16,3,28,34,20,29,53,0.341463414634146,0.414634146341463,0.24390243902439,0.353658536585366
289,2,19,1,2,6,57,19,48,34,0.0731707317073171,0.695121951219512,0.231707317073171,0.585365853658537
290,2,19,2,3,30,33,19,27,55,0.365853658536585,0.402439024390244,0.231707317073171,0.329268292682927
291,2,19,3,3,32,35,15,27,55,0.390243902439024,0.426829268292683,0.182926829268293,0.329268292682927
292,2,19,4,3,30,38,14,24,58,0.365853658536585,0.463414634146342,0.170731707317073,0.292682926829268
293,2,19,5,3,10,58,14,38,44,0.121951219512195,0.707317073170732,0.170731707317073,0.463414634146342
294,2,19,6,3,54,18,10,23,59,0.658536585365854,0.219512195121951,0.121951219512195,0.280487804878049
295,2,19,7,3,52,20,10,24,58,0.634146341463415,0.24390243902439,0.121951219512195,0.292682926829268
296,2,19,8,1,13,47,22,57,25,0.158536585365854,0.573170731707317,0.268292682926829,0.695121951219512
297,2,19,9,1,40,35,7,38,44,0.487804878048781,0.426829268292683,0.0853658536585366,0.463414634146342
298,2,19,10,3,42,34,6,26,56,0.51219512195122,0.414634146341463,0.0731707317073171,0.317073170731707
299,2,19,11,1,24,38,20,67,15,0.292682926829268,0.463414634146342,0.24390243902439,0.817073170731707
300,2,19,12,3,49,18,15,30,52,0.597560975609756,0.219512195121951,0.182926829268293,0.365853658536585
301,2,19,13,2,28,35,19,36,46,0.341463414634146,0.426829268292683,0.231707317073171,0.439024390243902
302,2,19,14,3,4,59,19,23,59,0.0487804878048781,0.719512195121951,0.231707317073171,0.280487804878049
303,2,19,15,3,17,44,21,27,55,0.207317073170732,0.536585365853659,0.25609756097561,0.329268292682927
304,2,19,16,1,20,47,15,34,48,0.24390243902439,0.573170731707317,0.182926829268293,0.414634146341463
305,2,20,1,1,10,51,21,40,42,0.121951219512195,0.621951219512195,0.25609756097561,0.487804878048781
306,2,20,2,3,1,50,31,24,58,0.0121951219512195,0.609756097560976,0.378048780487805,0.292682926829268
307,2,20,3,3,5,46,31,42,40,0.0609756097560976,0.560975609756098,0.378048780487805,0.51219512195122
308,2,20,4,3,2,49,31,46,36,0.024390243902439,0.597560975609756,0.378048780487805,0.560975609756098
309,2,20,5,3,5,28,49,35,47,0.0609756097560976,0.341463414634146,0.597560975609756,0.426829268292683
310,2,20,6,2,4,60,18,51,31,0.0487804878048781,0.731707317073171,0.219512195121951,0.621951219512195
311,2,20,7,3,7,41,34,21,61,0.0853658536585366,0.5,0.414634146341463,0.25609756097561
312,2,20,8,3,0,29,53,24,58,0,0.353658536585366,0.646341463414634,0.292682926829268
313,2,20,9,1,3,54,25,40,42,0.0365853658536585,0.658536585365854,0.304878048780488,0.487804878048781
314,2,20,10,3,1,52,29,36,46,0.0121951219512195,0.634146341463415,0.353658536585366,0.439024390243902
315,2,20,11,2,2,53,27,53,29,0.024390243902439,0.646341463414634,0.329268292682927,0.646341463414634
316,2,20,12,3,2,57,23,21,61,0.024390243902439,0.695121951219512,0.280487804878049,0.25609756097561
317,2,20,13,3,3,48,31,25,57,0.0365853658536585,0.585365853658537,0.378048780487805,0.304878048780488
318,2,20,14,1,2,48,32,47,35,0.024390243902439,0.585365853658537,0.390243902439024,0.573170731707317
319,2,20,15,1,2,45,35,49,33,0.024390243902439,0.548780487804878,0.426829268292683,0.597560975609756
320,2,20,16,3,0,49,33,38,44,0,0.597560975609756,0.402439024390244,0.463414634146342
321,3,21,1,1,17,40,25,42,40,0.207317073170732,0.487804878048781,0.304878048780488,0.51219512195122
322,3,21,2,2,28,32,22,46,36,0.341463414634146,0.390243902439024,0.268292682926829,0.560975609756098
323,3,21,3,3,11,51,20,27,55,0.134146341463415,0.621951219512195,0.24390243902439,0.329268292682927
324,3,21,4,3,17,42,23,31,51,0.207317073170732,0.51219512195122,0.280487804878049,0.378048780487805
325,3,21,5,3,17,45,20,27,55,0.207317073170732,0.548780487804878,0.24390243902439,0.329268292682927
326,3,21,6,2,21,41,20,37,45,0.25609756097561,0.5,0.24390243902439,0.451219512195122
327,3,21,7,3,14,51,17,36,46,0.170731707317073,0.621951219512195,0.207317073170732,0.439024390243902
328,3,21,8,3,16,53,13,39,43,0.195121951219512,0.646341463414634,0.158536585365854,0.475609756097561
329,3,21,9,1,30,29,23,53,29,0.365853658536585,0.353658536585366,0.280487804878049,0.646341463414634
330,3,21,10,3,18,43,21,32,50,0.219512195121951,0.524390243902439,0.25609756097561,0.390243902439024
331,3,21,11,1,24,30,28,43,39,0.292682926829268,0.365853658536585,0.341463414634146,0.524390243902439
332,3,21,12,3,19,46,17,25,57,0.231707317073171,0.560975609756098,0.207317073170732,0.304878048780488
333,3,21,13,3,22,43,17,37,45,0.268292682926829,0.524390243902439,0.207317073170732,0.451219512195122
334,3,21,14,3,17,43,22,30,52,0.207317073170732,0.524390243902439,0.268292682926829,0.365853658536585
335,3,21,15,3,12,46,24,31,51,0.146341463414634,0.560975609756098,0.292682926829268,0.378048780487805
336,3,21,16,1,20,34,28,34,48,0.24390243902439,0.414634146341463,0.341463414634146,0.414634146341463
337,3,22,1,3,9,6,67,20,62,0.109756097560976,0.0731707317073171,0.817073170731707,0.24390243902439
338,3,22,2,1,11,2,69,42,40,0.134146341463415,0.024390243902439,0.841463414634146,0.51219512195122
339,3,22,3,1,36,5,41,32,50,0.439024390243902,0.0609756097560976,0.5,0.390243902439024
340,3,22,4,3,18,17,47,21,61,0.219512195121951,0.207317073170732,0.573170731707317,0.25609756097561
341,3,22,5,3,17,5,60,22,60,0.207317073170732,0.0609756097560976,0.731707317073171,0.268292682926829
342,3,22,6,3,23,8,51,19,63,0.280487804878049,0.0975609756097561,0.621951219512195,0.231707317073171
343,3,22,7,3,23,4,55,20,62,0.280487804878049,0.0487804878048781,0.670731707317073,0.24390243902439
344,3,22,8,2,21,3,58,49,33,0.25609756097561,0.0365853658536585,0.707317073170732,0.597560975609756
345,3,22,9,3,24,29,29,11,71,0.292682926829268,0.353658536585366,0.353658536585366,0.134146341463415
346,3,22,10,3,48,8,26,30,52,0.585365853658537,0.0975609756097561,0.317073170731707,0.365853658536585
347,3,22,11,3,24,5,53,15,67,0.292682926829268,0.0609756097560976,0.646341463414634,0.182926829268293
348,3,22,12,3,29,6,47,19,63,0.353658536585366,0.0731707317073171,0.573170731707317,0.231707317073171
349,3,22,13,2,8,6,68,50,32,0.0975609756097561,0.0731707317073171,0.829268292682927,0.609756097560976
350,3,22,14,3,16,23,43,16,66,0.195121951219512,0.280487804878049,0.524390243902439,0.195121951219512
351,3,22,15,1,13,9,60,40,42,0.158536585365854,0.109756097560976,0.731707317073171,0.487804878048781
352,3,22,16,1,6,9,67,47,35,0.0731707317073171,0.109756097560976,0.817073170731707,0.573170731707317
353,3,23,1,3,8,11,63,22,60,0.0975609756097561,0.134146341463415,0.768292682926829,0.268292682926829
354,3,23,2,3,6,11,65,17,65,0.0731707317073171,0.134146341463415,0.792682926829268,0.207317073170732
355,3,23,3,3,6,7,69,21,61,0.0731707317073171,0.0853658536585366,0.841463414634146,0.25609756097561
356,3,23,4,2,6,29,47,42,40,0.0731707317073171,0.353658536585366,0.573170731707317,0.51219512195122
357,3,23,5,3,4,33,45,21,61,0.0487804878048781,0.402439024390244,0.548780487804878,0.25609756097561
358,3,23,6,3,11,19,52,17,65,0.134146341463415,0.231707317073171,0.634146341463415,0.207317073170732
359,3,23,7,1,1,11,70,51,31,0.0121951219512195,0.134146341463415,0.853658536585366,0.621951219512195
360,3,23,8,3,8,7,67,24,58,0.0975609756097561,0.0853658536585366,0.817073170731707,0.292682926829268
361,3,23,9,3,7,8,67,24,58,0.0853658536585366,0.0975609756097561,0.817073170731707,0.292682926829268
362,3,23,10,1,7,2,73,75,7,0.0853658536585366,0.024390243902439,0.890243902439024,0.914634146341463
363,3,23,11,3,44,14,24,15,67,0.536585365853659,0.170731707317073,0.292682926829268,0.182926829268293
364,3,23,12,3,13,46,23,18,64,0.158536585365854,0.560975609756098,0.280487804878049,0.219512195121951
365,3,23,13,1,5,5,72,71,11,0.0609756097560976,0.0609756097560976,0.878048780487805,0.865853658536585
366,3,23,14,3,4,12,66,21,61,0.0487804878048781,0.146341463414634,0.804878048780488,0.25609756097561
367,3,23,15,2,5,23,54,64,18,0.0609756097560976,0.280487804878049,0.658536585365854,0.780487804878049
368,3,23,16,1,22,23,37,36,46,0.268292682926829,0.280487804878049,0.451219512195122,0.439024390243902
369,3,24,1,3,14,4,64,21,61,0.170731707317073,0.0487804878048781,0.780487804878049,0.25609756097561
370,3,24,2,3,15,6,61,26,56,0.182926829268293,0.0731707317073171,0.74390243902439,0.317073170731707
371,3,24,3,1,44,6,31,38,43,0.54320987654321,0.0740740740740741,0.382716049382716,0.469135802469136
372,3,24,4,3,15,3,65,35,48,0.180722891566265,0.036144578313253,0.783132530120482,0.421686746987952
373,3,24,5,3,11,0,71,20,62,0.134146341463415,0,0.865853658536585,0.24390243902439
374,3,24,6,3,19,24,39,25,57,0.231707317073171,0.292682926829268,0.475609756097561,0.304878048780488
375,3,24,7,3,10,3,69,18,64,0.121951219512195,0.0365853658536585,0.841463414634146,0.219512195121951
376,3,24,8,2,19,3,60,46,36,0.231707317073171,0.0365853658536585,0.731707317073171,0.560975609756098
377,3,24,9,3,13,8,61,36,46,0.158536585365854,0.0975609756097561,0.74390243902439,0.439024390243902
378,3,24,10,1,15,3,64,51,31,0.182926829268293,0.0365853658536585,0.780487804878049,0.621951219512195
379,3,24,11,1,9,3,70,46,36,0.109756097560976,0.0365853658536585,0.853658536585366,0.560975609756098
380,3,24,12,2,10,49,23,41,41,0.121951219512195,0.597560975609756,0.280487804878049,0.5
381,3,24,13,3,27,3,52,14,68,0.329268292682927,0.0365853658536585,0.634146341463415,0.170731707317073
382,3,24,14,3,16,3,63,20,62,0.195121951219512,0.0365853658536585,0.768292682926829,0.24390243902439
383,3,24,15,1,13,6,63,52,30,0.158536585365854,0.0731707317073171,0.768292682926829,0.634146341463415
384,3,24,16,3,11,2,69,18,64,0.134146341463415,0.024390243902439,0.841463414634146,0.219512195121951
385,3,25,1,2,10,12,60,49,33,0.121951219512195,0.146341463414634,0.731707317073171,0.597560975609756
386,3,25,2,3,10,33,39,18,64,0.121951219512195,0.402439024390244,0.475609756097561,0.219512195121951
387,3,25,3,3,14,55,13,32,50,0.170731707317073,0.670731707317073,0.158536585365854,0.390243902439024
388,3,25,4,3,24,12,46,24,58,0.292682926829268,0.146341463414634,0.560975609756098,0.292682926829268
389,3,25,5,1,4,19,59,51,31,0.0487804878048781,0.231707317073171,0.719512195121951,0.621951219512195
390,3,25,6,3,2,22,58,32,50,0.024390243902439,0.268292682926829,0.707317073170732,0.390243902439024
391,3,25,7,1,8,34,40,39,43,0.0975609756097561,0.414634146341463,0.487804878048781,0.475609756097561
392,3,25,8,3,55,8,19,19,63,0.670731707317073,0.0975609756097561,0.231707317073171,0.231707317073171
393,3,25,9,1,7,26,49,40,42,0.0853658536585366,0.317073170731707,0.597560975609756,0.487804878048781
394,3,25,10,3,0,45,37,15,67,0,0.548780487804878,0.451219512195122,0.182926829268293
395,3,25,11,3,54,16,12,19,63,0.658536585365854,0.195121951219512,0.146341463414634,0.231707317073171
396,3,25,12,2,7,26,49,44,38,0.0853658536585366,0.317073170731707,0.597560975609756,0.536585365853659
397,3,25,13,3,10,37,35,43,39,0.121951219512195,0.451219512195122,0.426829268292683,0.524390243902439
398,3,25,14,1,2,31,49,46,36,0.024390243902439,0.378048780487805,0.597560975609756,0.560975609756098
399,3,25,15,3,4,19,59,29,53,0.0487804878048781,0.231707317073171,0.719512195121951,0.353658536585366
400,3,25,16,3,27,19,36,19,63,0.329268292682927,0.231707317073171,0.439024390243902,0.231707317073171
401,3,26,1,3,6,17,59,21,61,0.0731707317073171,0.207317073170732,0.719512195121951,0.25609756097561
402,3,26,2,2,16,15,51,41,41,0.195121951219512,0.182926829268293,0.621951219512195,0.5
403,3,26,3,3,10,19,53,19,63,0.121951219512195,0.231707317073171,0.646341463414634,0.231707317073171
404,3,26,4,1,25,24,33,34,48,0.304878048780488,0.292682926829268,0.402439024390244,0.414634146341463
405,3,26,5,3,6,17,59,13,69,0.0731707317073171,0.207317073170732,0.719512195121951,0.158536585365854
406,3,26,6,3,6,31,45,32,50,0.0731707317073171,0.378048780487805,0.548780487804878,0.390243902439024
407,3,26,7,1,9,32,41,49,33,0.109756097560976,0.390243902439024,0.5,0.597560975609756
408,3,26,8,2,2,25,55,32,50,0.024390243902439,0.304878048780488,0.670731707317073,0.390243902439024
409,3,26,9,3,1,41,40,29,53,0.0121951219512195,0.5,0.487804878048781,0.353658536585366
410,3,26,10,1,4,20,58,49,33,0.0487804878048781,0.24390243902439,0.707317073170732,0.597560975609756
411,3,26,11,3,5,34,43,31,51,0.0609756097560976,0.414634146341463,0.524390243902439,0.378048780487805
412,3,26,12,3,4,21,57,23,59,0.0487804878048781,0.25609756097561,0.695121951219512,0.280487804878049
413,3,26,13,1,1,13,68,46,36,0.0121951219512195,0.158536585365854,0.829268292682927,0.560975609756098
414,3,26,14,3,3,26,53,28,54,0.0365853658536585,0.317073170731707,0.646341463414634,0.341463414634146
415,3,26,15,3,7,21,54,28,54,0.0853658536585366,0.25609756097561,0.658536585365854,0.341463414634146
416,3,26,16,3,3,26,53,31,51,0.0365853658536585,0.317073170731707,0.646341463414634,0.378048780487805
417,3,27,1,3,14,25,43,31,51,0.170731707317073,0.304878048780488,0.524390243902439,0.378048780487805
418,3,27,2,3,3,18,61,18,64,0.0365853658536585,0.219512195121951,0.74390243902439,0.219512195121951
419,3,27,3,2,1,16,65,52,30,0.0121951219512195,0.195121951219512,0.792682926829268,0.634146341463415
420,3,27,4,3,22,6,54,14,68,0.268292682926829,0.0731707317073171,0.658536585365854,0.170731707317073
421,3,27,5,3,31,38,13,19,63,0.378048780487805,0.463414634146342,0.158536585365854,0.231707317073171
422,3,27,6,1,6,15,61,41,41,0.0731707317073171,0.182926829268293,0.74390243902439,0.5
423,3,27,7,3,6,16,60,24,58,0.0731707317073171,0.195121951219512,0.731707317073171,0.292682926829268
424,3,27,8,3,5,13,64,22,60,0.0609756097560976,0.158536585365854,0.780487804878049,0.268292682926829
425,3,27,9,2,1,9,72,48,34,0.0121951219512195,0.109756097560976,0.878048780487805,0.585365853658537
426,3,27,10,1,3,9,70,44,38,0.0365853658536585,0.109756097560976,0.853658536585366,0.536585365853659
427,3,27,11,1,3,6,73,53,29,0.0365853658536585,0.0731707317073171,0.890243902439024,0.646341463414634
428,3,27,12,3,16,22,44,22,60,0.195121951219512,0.268292682926829,0.536585365853659,0.268292682926829
429,3,27,13,1,1,12,69,51,31,0.0121951219512195,0.146341463414634,0.841463414634146,0.621951219512195
430,3,27,14,3,3,6,73,23,59,0.0365853658536585,0.0731707317073171,0.890243902439024,0.280487804878049
431,3,27,15,3,2,22,58,32,50,0.024390243902439,0.268292682926829,0.707317073170732,0.390243902439024
432,3,27,16,3,4,8,70,33,49,0.0487804878048781,0.0975609756097561,0.853658536585366,0.402439024390244
433,3,28,1,3,7,12,63,23,59,0.0853658536585366,0.146341463414634,0.768292682926829,0.280487804878049
434,3,28,2,3,24,11,47,29,53,0.292682926829268,0.134146341463415,0.573170731707317,0.353658536585366
435,3,28,3,3,24,1,57,32,50,0.292682926829268,0.0121951219512195,0.695121951219512,0.390243902439024
436,3,28,4,3,3,0,79,25,57,0.0365853658536585,0,0.963414634146341,0.304878048780488
437,3,28,5,1,6,18,58,40,42,0.0731707317073171,0.219512195121951,0.707317073170732,0.487804878048781
438,3,28,6,3,19,9,54,30,52,0.231707317073171,0.109756097560976,0.658536585365854,0.365853658536585
439,3,28,7,3,5,4,73,26,56,0.0609756097560976,0.0487804878048781,0.890243902439024,0.317073170731707
440,3,28,8,1,2,5,75,56,26,0.024390243902439,0.0609756097560976,0.914634146341463,0.682926829268293
441,3,28,9,1,2,2,78,65,17,0.024390243902439,0.024390243902439,0.951219512195122,0.792682926829268
442,3,28,10,3,6,18,58,31,51,0.0731707317073171,0.219512195121951,0.707317073170732,0.378048780487805
443,3,28,11,3,5,19,58,28,54,0.0609756097560976,0.231707317073171,0.707317073170732,0.341463414634146
444,3,28,12,1,3,2,77,45,37,0.0365853658536585,0.024390243902439,0.939024390243902,0.548780487804878
445,3,28,13,3,2,4,76,20,62,0.024390243902439,0.0487804878048781,0.926829268292683,0.24390243902439
446,3,28,14,2,1,0,81,74,8,0.0121951219512195,0,0.987804878048781,0.902439024390244
447,3,28,15,2,1,0,81,70,12,0.0121951219512195,0,0.987804878048781,0.853658536585366
448,3,28,16,3,19,4,59,22,60,0.231707317073171,0.0487804878048781,0.719512195121951,0.268292682926829
449,3,29,1,3,2,53,27,31,51,0.024390243902439,0.646341463414634,0.329268292682927,0.378048780487805
450,3,29,2,1,3,37,42,45,37,0.0365853658536585,0.451219512195122,0.51219512195122,0.548780487804878
451,3,29,3,1,8,27,47,53,29,0.0975609756097561,0.329268292682927,0.573170731707317,0.646341463414634
452,3,29,4,1,10,9,63,50,32,0.121951219512195,0.109756097560976,0.768292682926829,0.609756097560976
453,3,29,5,3,3,21,58,15,67,0.0365853658536585,0.25609756097561,0.707317073170732,0.182926829268293
454,3,29,6,2,5,40,37,58,24,0.0609756097560976,0.487804878048781,0.451219512195122,0.707317073170732
455,3,29,7,3,3,38,41,22,60,0.0365853658536585,0.463414634146342,0.5,0.268292682926829
456,3,29,8,3,7,18,57,29,53,0.0853658536585366,0.219512195121951,0.695121951219512,0.353658536585366
457,3,29,9,3,3,39,40,26,56,0.0365853658536585,0.475609756097561,0.487804878048781,0.317073170731707
458,3,29,10,3,46,8,28,33,49,0.560975609756098,0.0975609756097561,0.341463414634146,0.402439024390244
459,3,29,11,1,30,21,31,34,48,0.365853658536585,0.25609756097561,0.378048780487805,0.414634146341463
460,3,29,12,3,7,17,58,31,51,0.0853658536585366,0.207317073170732,0.707317073170732,0.378048780487805
461,3,29,13,3,4,37,41,28,54,0.0487804878048781,0.451219512195122,0.5,0.341463414634146
462,3,29,14,3,4,13,65,24,58,0.0487804878048781,0.158536585365854,0.792682926829268,0.292682926829268
463,3,29,15,2,22,9,51,48,34,0.268292682926829,0.109756097560976,0.621951219512195,0.585365853658537
464,3,29,16,3,29,18,35,25,57,0.353658536585366,0.219512195121951,0.426829268292683,0.304878048780488
465,3,30,1,1,3,27,51,50,31,0.037037037037037,0.333333333333333,0.62962962962963,0.617283950617284
466,3,30,2,2,8,41,33,43,39,0.0975609756097561,0.5,0.402439024390244,0.524390243902439
467,3,30,3,3,2,26,54,27,55,0.024390243902439,0.317073170731707,0.658536585365854,0.329268292682927
468,3,30,4,3,8,50,24,36,46,0.0975609756097561,0.609756097560976,0.292682926829268,0.439024390243902
469,3,30,5,2,4,40,38,31,51,0.0487804878048781,0.487804878048781,0.463414634146342,0.378048780487805
470,3,30,6,3,4,55,23,20,62,0.0487804878048781,0.670731707317073,0.280487804878049,0.24390243902439
471,3,30,7,3,2,39,41,28,54,0.024390243902439,0.475609756097561,0.5,0.341463414634146
472,3,30,8,3,2,40,40,27,55,0.024390243902439,0.487804878048781,0.487804878048781,0.329268292682927
473,3,30,9,1,9,35,38,44,38,0.109756097560976,0.426829268292683,0.463414634146342,0.536585365853659
474,3,30,10,1,8,47,26,45,36,0.0987654320987654,0.580246913580247,0.320987654320988,0.555555555555556
475,3,30,11,3,2,36,44,22,60,0.024390243902439,0.439024390243902,0.536585365853659,0.268292682926829
476,3,30,12,1,2,30,50,47,35,0.024390243902439,0.365853658536585,0.609756097560976,0.573170731707317
477,3,30,13,3,6,33,43,41,41,0.0731707317073171,0.402439024390244,0.524390243902439,0.5
478,3,30,14,3,11,36,35,29,53,0.134146341463415,0.439024390243902,0.426829268292683,0.353658536585366
479,3,30,15,3,4,48,30,49,33,0.0487804878048781,0.585365853658537,0.365853658536585,0.597560975609756
480,3,30,16,3,11,37,34,26,56,0.134146341463415,0.451219512195122,0.414634146341463,0.317073170731707
501,1,1,17,4,56,20,6,20,62,0.682926829268293,0.24390243902439,0.0731707317073171,0.24390243902439
502,1,1,18,4,50,13,19,35,47,0.609756097560976,0.158536585365854,0.231707317073171,0.426829268292683
503,1,2,17,4,11,49,22,31,51,0.134146341463415,0.597560975609756,0.268292682926829,0.378048780487805
504,1,2,18,4,67,9,6,31,51,0.817073170731707,0.109756097560976,0.0731707317073171,0.378048780487805
505,1,3,17,4,70,10,2,37,45,0.853658536585366,0.121951219512195,0.024390243902439,0.451219512195122
506,1,3,18,4,62,5,15,26,56,0.75609756097561,0.0609756097560976,0.182926829268293,0.317073170731707
507,1,4,17,4,65,12,5,47,35,0.792682926829268,0.146341463414634,0.0609756097560976,0.573170731707317
508,1,4,18,4,28,38,16,33,49,0.341463414634146,0.463414634146342,0.195121951219512,0.402439024390244
509,1,5,17,4,64,8,10,38,44,0.780487804878049,0.0975609756097561,0.121951219512195,0.463414634146342
510,1,5,18,4,39,3,40,21,61,0.475609756097561,0.0365853658536585,0.487804878048781,0.25609756097561
511,1,6,17,4,62,7,13,44,38,0.75609756097561,0.0853658536585366,0.158536585365854,0.536585365853659
512,1,6,18,4,60,13,9,60,22,0.731707317073171,0.158536585365854,0.109756097560976,0.731707317073171
513,1,7,17,4,45,16,21,20,62,0.548780487804878,0.195121951219512,0.25609756097561,0.24390243902439
514,1,7,18,4,50,15,17,20,62,0.609756097560976,0.182926829268293,0.207317073170732,0.24390243902439
515,1,8,17,4,66,5,11,36,46,0.804878048780488,0.0609756097560976,0.134146341463415,0.439024390243902
516,1,8,18,4,72,4,6,33,49,0.878048780487805,0.0487804878048781,0.0731707317073171,0.402439024390244
517,1,9,17,4,74,4,4,33,49,0.902439024390244,0.0487804878048781,0.0487804878048781,0.402439024390244
518,1,9,18,4,61,4,17,30,52,0.74390243902439,0.0487804878048781,0.207317073170732,0.365853658536585
519,1,10,17,4,68,6,8,32,50,0.829268292682927,0.0731707317073171,0.0975609756097561,0.390243902439024
520,1,10,18,4,24,7,51,44,38,0.292682926829268,0.0853658536585366,0.621951219512195,0.536585365853659
601,2,11,17,4,45,30,7,33,49,0.548780487804878,0.365853658536585,0.0853658536585366,0.402439024390244
602,2,11,18,4,62,13,7,26,56,0.75609756097561,0.158536585365854,0.0853658536585366,0.317073170731707
603,2,12,17,4,19,49,14,24,58,0.231707317073171,0.597560975609756,0.170731707317073,0.292682926829268
604,2,12,18,4,28,35,19,28,54,0.341463414634146,0.426829268292683,0.231707317073171,0.341463414634146
605,2,13,17,4,48,32,2,40,42,0.585365853658537,0.390243902439024,0.024390243902439,0.487804878048781
606,2,13,18,4,4,64,14,39,43,0.0487804878048781,0.780487804878049,0.170731707317073,0.475609756097561
607,2,14,17,4,17,36,29,31,51,0.207317073170732,0.439024390243902,0.353658536585366,0.378048780487805
608,2,14,18,4,22,44,16,27,55,0.268292682926829,0.536585365853659,0.195121951219512,0.329268292682927
609,2,15,17,4,54,10,18,25,57,0.658536585365854,0.121951219512195,0.219512195121951,0.304878048780488
610,2,15,18,4,24,25,33,31,51,0.292682926829268,0.304878048780488,0.402439024390244,0.378048780487805
611,2,16,17,4,9,68,5,34,48,0.109756097560976,0.829268292682927,0.0609756097560976,0.414634146341463
612,2,16,18,4,12,63,7,34,48,0.146341463414634,0.768292682926829,0.0853658536585366,0.414634146341463
613,2,17,17,4,5,64,13,30,52,0.0609756097560976,0.780487804878049,0.158536585365854,0.365853658536585
614,2,17,18,4,5,54,23,27,55,0.0609756097560976,0.658536585365854,0.280487804878049,0.329268292682927
615,2,18,17,4,9,38,35,36,46,0.109756097560976,0.463414634146342,0.426829268292683,0.439024390243902
616,2,18,18,4,26,31,25,27,55,0.317073170731707,0.378048780487805,0.304878048780488,0.329268292682927
617,2,19,17,4,11,60,11,36,46,0.134146341463415,0.731707317073171,0.134146341463415,0.439024390243902
618,2,19,18,4,26,38,18,27,55,0.317073170731707,0.463414634146342,0.219512195121951,0.329268292682927
619,2,20,17,4,2,52,28,44,38,0.024390243902439,0.634146341463415,0.341463414634146,0.536585365853659
620,2,20,18,4,5,58,19,28,54,0.0609756097560976,0.707317073170732,0.231707317073171,0.341463414634146
701,3,21,17,4,31,36,15,37,45,0.378048780487805,0.439024390243902,0.182926829268293,0.451219512195122
702,3,21,18,4,23,41,18,41,41,0.280487804878049,0.5,0.219512195121951,0.5
703,3,22,17,4,16,3,63,33,49,0.195121951219512,0.0365853658536585,0.768292682926829,0.402439024390244
704,3,22,18,4,12,5,65,33,49,0.146341463414634,0.0609756097560976,0.792682926829268,0.402439024390244
705,3,23,17,4,8,19,55,27,55,0.0975609756097561,0.231707317073171,0.670731707317073,0.329268292682927
706,3,23,18,4,7,18,57,43,39,0.0853658536585366,0.219512195121951,0.695121951219512,0.524390243902439
707,3,24,17,4,18,3,61,32,50,0.219512195121951,0.0365853658536585,0.74390243902439,0.390243902439024
708,3,24,18,4,21,23,38,17,65,0.25609756097561,0.280487804878049,0.463414634146342,0.207317073170732
709,3,25,17,4,19,20,43,45,37,0.231707317073171,0.24390243902439,0.524390243902439,0.548780487804878
710,3,25,18,4,10,17,55,42,40,0.121951219512195,0.207317073170732,0.670731707317073,0.51219512195122
711,3,26,17,4,13,19,50,24,58,0.158536585365854,0.231707317073171,0.609756097560976,0.292682926829268
712,3,26,18,4,11,38,33,26,56,0.134146341463415,0.463414634146342,0.402439024390244,0.317073170731707
713,3,27,17,4,5,41,36,34,48,0.0609756097560976,0.5,0.439024390243902,0.414634146341463
714,3,27,18,4,1,6,75,35,47,0.0121951219512195,0.0731707317073171,0.914634146341463,0.426829268292683
715,3,28,17,4,1,0,81,67,15,0.0121951219512195,0,0.987804878048781,0.817073170731707
716,3,28,18,4,1,0,81,57,25,0.0121951219512195,0,0.987804878048781,0.695121951219512
717,3,29,17,4,2,44,36,40,42,0.024390243902439,0.536585365853659,0.439024390243902,0.487804878048781
718,3,29,18,4,25,9,48,27,55,0.304878048780488,0.109756097560976,0.585365853658537,0.329268292682927
719,3,30,17,4,16,46,20,23,59,0.195121951219512,0.560975609756098,0.24390243902439,0.280487804878049
720,3,30,18,4,6,36,40,30,52,0.0731707317073171,0.439024390243902,0.487804878048781,0.365853658536585
